account_id,archetype,is_fraud
ACC-10096,MULE_L1_AGGREGATOR,True
ACC-MULE-L2-01,MULE_L2_DISPERSION,True
ACC-MULE-L2-02,MULE_L2_DISPERSION,True
ACC-MULE-L2-03,MULE_L2_DISPERSION,True
ACC-VIC-A01,VICTIM,True
ACC-VIC-A02,VICTIM,True
ACC-VIC-A03,VICTIM,True
ACC-VIC-A04,VICTIM,True
ACC-VIC-A05,VICTIM,True
ACC-VIC-A06,VICTIM,True
ACC-VIC-A07,VICTIM,True
ACC-VIC-A08,VICTIM,True
ACC-VIC-A09,VICTIM,True
ACC-VIC-A10,VICTIM,True
ACC-VIC-B01,VICTIM,True
ACC-LAY-MULE-A,MULE_L1_AGGREGATOR,True
ACC-LAY-MULE-B,MULE_L2_DISPERSION,True
ACC-LAY-MULE-C,MULE_L2_DISPERSION,True
ACC-LAY-SINK-01,CASH_OUT_SINK,True
ACC-VIC-C01,VICTIM,True
ACC-DISP-SINK-01,CASH_OUT_SINK,True
ACC-DISP-SINK-02,CASH_OUT_SINK,True
ACC-DISP-SINK-03,CASH_OUT_SINK,True
ACC-VIC-D01,VICTIM,True
ACC-MULE-L2-04,MULE_L2_DISPERSION,True
ACC-MULE-L2-05,MULE_L2_DISPERSION,True
ACC-ATO-SINK-01,CASH_OUT_SINK,True
ACC-MULE-L1-02,MULE_L1_AGGREGATOR,True
ACC-MULE-L2-06,MULE_L2_DISPERSION,True
ACC-MULE-L2-07,MULE_L2_DISPERSION,True
FCC_001,NORMAL_MERCHANT,False
FCC_002,NORMAL_MERCHANT,False
FCC_003,NORMAL_MERCHANT,False
FCC_004,NORMAL_MERCHANT,False
FCC_005,NORMAL_MERCHANT,False
FCC_006,NORMAL_MERCHANT,False
FCC_007,NORMAL_MERCHANT,False
FCC_008,NORMAL_MERCHANT,False
FCC_009,NORMAL_MERCHANT,False
FCC_010,NORMAL_MERCHANT,False
FCC_011,NORMAL_MERCHANT,False
FCC_012,NORMAL_MERCHANT,False
FCC_013,NORMAL_MERCHANT,False
FCC_014,NORMAL_MERCHANT,False
FCC_015,NORMAL_MERCHANT,False
FCC_016,NORMAL_MERCHANT,False
FCC_017,NORMAL_MERCHANT,False
FCC_018,NORMAL_MERCHANT,False
FCC_019,NORMAL_MERCHANT,False
FCC_020,NORMAL_MERCHANT,False
FCC_021,NORMAL_MERCHANT,False
FCC_022,NORMAL_MERCHANT,False
FCC_023,NORMAL_MERCHANT,False
FCC_024,NORMAL_MERCHANT,False
FCC_025,NORMAL_MERCHANT,False
FCC_026,NORMAL_MERCHANT,False
FCC_027,NORMAL_MERCHANT,False
FCC_028,NORMAL_MERCHANT,False
FCC_029,NORMAL_MERCHANT,False
FCC_030,NORMAL_MERCHANT,False
FCC_031,NORMAL_MERCHANT,False
FCC_032,NORMAL_MERCHANT,False
FCC_033,NORMAL_MERCHANT,False
FCC_034,NORMAL_MERCHANT,False
FCC_035,NORMAL_MERCHANT,False
FCC_036,NORMAL_MERCHANT,False
FCC_037,NORMAL_MERCHANT,False
FCC_038,NORMAL_MERCHANT,False
FCC_039,NORMAL_MERCHANT,False
FCC_040,NORMAL_MERCHANT,False
FCC_041,NORMAL_MERCHANT,False
FCC_042,NORMAL_MERCHANT,False
FCC_043,NORMAL_MERCHANT,False
FCC_044,NORMAL_MERCHANT,False
FCC_045,NORMAL_MERCHANT,False
FCC_046,NORMAL_MERCHANT,False
FCC_047,NORMAL_MERCHANT,False
FCC_048,NORMAL_MERCHANT,False
FCC_049,NORMAL_MERCHANT,False
FCC_050,NORMAL_MERCHANT,False
FCC_051,NORMAL_MERCHANT,False
FCC_052,NORMAL_MERCHANT,False
FCC_053,NORMAL_MERCHANT,False
FCC_054,NORMAL_MERCHANT,False
FCC_055,NORMAL_MERCHANT,False
FCC_056,NORMAL_MERCHANT,False
FCC_057,NORMAL_MERCHANT,False
FCC_058,NORMAL_MERCHANT,False
FCC_059,NORMAL_MERCHANT,False
FCC_060,NORMAL_MERCHANT,False
FCC_061,NORMAL_MERCHANT,False
FCC_062,NORMAL_MERCHANT,False
FCC_063,NORMAL_MERCHANT,False
FCC_064,NORMAL_MERCHANT,False
FCC_065,NORMAL_MERCHANT,False
FCC_066,NORMAL_MERCHANT,False
FCC_067,NORMAL_MERCHANT,False
FCC_068,NORMAL_MERCHANT,False
FCC_069,NORMAL_MERCHANT,False
FCC_070,NORMAL_MERCHANT,False
FCC_071,NORMAL_MERCHANT,False
FCC_072,NORMAL_MERCHANT,False
FCC_073,NORMAL_MERCHANT,False
FCC_074,NORMAL_MERCHANT,False
FCC_075,NORMAL_MERCHANT,False
FCC_076,NORMAL_MERCHANT,False
FCC_077,NORMAL_MERCHANT,False
FCC_078,NORMAL_MERCHANT,False
FCC_079,NORMAL_MERCHANT,False
FCC_080,NORMAL_MERCHANT,False
FCC_081,NORMAL_MERCHANT,False
FCC_082,NORMAL_MERCHANT,False
FCC_083,NORMAL_MERCHANT,False
FCC_084,NORMAL_MERCHANT,False
FCC_085,NORMAL_MERCHANT,False
FCC_086,NORMAL_MERCHANT,False
FCC_087,NORMAL_MERCHANT,False
FCC_088,NORMAL_MERCHANT,False
FCC_089,NORMAL_MERCHANT,False
FCC_090,NORMAL_MERCHANT,False
FCC_091,NORMAL_MERCHANT,False
FCC_092,NORMAL_MERCHANT,False
FCC_093,NORMAL_MERCHANT,False
FCC_094,NORMAL_MERCHANT,False
ACC_002,NORMAL_MERCHANT,False
ACC_007,NORMAL_MERCHANT,False
ACC_018,NORMAL_MERCHANT,False
ACC_019,NORMAL_MERCHANT,False
ACC_023,NORMAL_MERCHANT,False
ACC_031,NORMAL_MERCHANT,False
ACC_033,NORMAL_MERCHANT,False
ACC_039,NORMAL_MERCHANT,False
ACC_046,NORMAL_MERCHANT,False
ACC_047,NORMAL_MERCHANT,False
ACC_049,NORMAL_MERCHANT,False
ACC_053,NORMAL_MERCHANT,False
ACC_054,NORMAL_MERCHANT,False
ACC_056,NORMAL_MERCHANT,False
ACC_059,NORMAL_MERCHANT,False
ACC_062,NORMAL_MERCHANT,False
ACC_063,NORMAL_MERCHANT,False
ACC_067,NORMAL_MERCHANT,False
ACC_072,NORMAL_MERCHANT,False
ACC_074,NORMAL_MERCHANT,False
ACC_081,NORMAL_MERCHANT,False
ACC_083,NORMAL_MERCHANT,False
ACC_087,NORMAL_MERCHANT,False
ACC-10010,NORMAL_MERCHANT,False
ACC-10020,NORMAL_MERCHANT,False
ACC-10030,NORMAL_MERCHANT,False
FCC_095,NORMAL_STUDENT,False
ACC_003,NORMAL_STUDENT,False
ACC_004,NORMAL_SALARIED,False
ACC_005,NORMAL_SALARIED,False
ACC_006,NORMAL_STUDENT,False
ACC_008,NORMAL_SALARIED,False
ACC_009,NORMAL_STUDENT,False
ACC_010,NORMAL_SALARIED,False
ACC_011,NORMAL_STUDENT,False
ACC_013,NORMAL_STUDENT,False
ACC_014,NORMAL_SALARIED,False
ACC_015,NORMAL_STUDENT,False
ACC_016,NORMAL_SALARIED,False
ACC_017,NORMAL_SALARIED,False
ACC_021,NORMAL_SALARIED,False
ACC_022,NORMAL_SALARIED,False
ACC_025,NORMAL_STUDENT,False
ACC_026,NORMAL_STUDENT,False
ACC_027,NORMAL_STUDENT,False
ACC_028,NORMAL_SALARIED,False
ACC_029,NORMAL_STUDENT,False
ACC_030,NORMAL_SALARIED,False
ACC_032,NORMAL_STUDENT,False
ACC_034,NORMAL_SALARIED,False
ACC_035,NORMAL_SALARIED,False
ACC_036,NORMAL_STUDENT,False
ACC_037,NORMAL_STUDENT,False
ACC_038,NORMAL_STUDENT,False
ACC_040,NORMAL_SALARIED,False
ACC_041,NORMAL_SALARIED,False
ACC_042,NORMAL_SALARIED,False
ACC_043,NORMAL_STUDENT,False
ACC_044,NORMAL_SALARIED,False
ACC_048,NORMAL_STUDENT,False
ACC_050,NORMAL_STUDENT,False
ACC_051,NORMAL_SALARIED,False
ACC_052,NORMAL_SALARIED,False
ACC_055,NORMAL_SALARIED,False
ACC_058,NORMAL_STUDENT,False
ACC_060,NORMAL_SALARIED,False
ACC_061,NORMAL_SALARIED,False
ACC_064,NORMAL_SALARIED,False
ACC_065,NORMAL_STUDENT,False
ACC_066,NORMAL_SALARIED,False
ACC_068,NORMAL_STUDENT,False
ACC_069,NORMAL_SALARIED,False
ACC_070,NORMAL_STUDENT,False
ACC_073,NORMAL_SALARIED,False
ACC_075,NORMAL_STUDENT,False
ACC_076,NORMAL_STUDENT,False
ACC_077,NORMAL_SALARIED,False
ACC_078,NORMAL_STUDENT,False
ACC_079,NORMAL_SALARIED,False
ACC_080,NORMAL_STUDENT,False
ACC_082,NORMAL_SALARIED,False
ACC_084,NORMAL_SALARIED,False
ACC_085,NORMAL_STUDENT,False
ACC_086,NORMAL_STUDENT,False
ACC_088,NORMAL_STUDENT,False
ACC_089,NORMAL_SALARIED,False
ACC_093,NORMAL_SALARIED,False
ACC_094,NORMAL_SALARIED,False
ACC_095,NORMAL_SALARIED,False
ACC-10001,NORMAL_SALARIED,False
ACC-10002,NORMAL_STUDENT,False
ACC-10003,NORMAL_SALARIED,False
ACC-10004,NORMAL_STUDENT,False
ACC-10005,NORMAL_SALARIED,False
ACC-10006,NORMAL_STUDENT,False
ACC-10007,NORMAL_SALARIED,False
ACC-10008,NORMAL_STUDENT,False
ACC-10009,NORMAL_SALARIED,False
ACC-10011,NORMAL_SALARIED,False
ACC-10012,NORMAL_STUDENT,False
ACC-10013,NORMAL_SALARIED,False
ACC-10014,NORMAL_STUDENT,False
ACC-10016,NORMAL_STUDENT,False
ACC-10017,NORMAL_SALARIED,False
ACC-10019,NORMAL_SALARIED,False
ACC-10021,NORMAL_SALARIED,False
ACC-10023,NORMAL_SALARIED,False
ACC-10024,NORMAL_STUDENT,False
ACC-10026,NORMAL_STUDENT,False
ACC-10027,NORMAL_SALARIED,False
ACC-10029,NORMAL_SALARIED,False
ACC-10031,NORMAL_SALARIED,False
ACC-10032,NORMAL_STUDENT,False
ACC-10033,NORMAL_SALARIED,False
ACC-10034,NORMAL_STUDENT,False
ACC-10035,NORMAL_SALARIED,False
ACC-10036,NORMAL_STUDENT,False
ACC-10037,NORMAL_SALARIED,False
ACC-10038,NORMAL_STUDENT,False
ACC-10039,NORMAL_SALARIED,False
ACC-10040,NORMAL_SALARIED,False
ACC-10041,NORMAL_SALARIED,False
ACC-10042,NORMAL_STUDENT,False
ACC-10043,NORMAL_SALARIED,False
ACC-10044,NORMAL_STUDENT,False
ACC-10046,NORMAL_STUDENT,False
ACC-10047,NORMAL_SALARIED,False
ACC-10049,NORMAL_SALARIED,False
ACC-10050,NORMAL_SALARIED,False
ACC-10051,NORMAL_SALARIED,False
ACC-10053,NORMAL_SALARIED,False
ACC-10054,NORMAL_STUDENT,False
ACC-10056,NORMAL_STUDENT,False
ACC-10057,NORMAL_SALARIED,False
ACC-10059,NORMAL_SALARIED,False
ACC-10060,NORMAL_SALARIED,False
ACC-10061,NORMAL_SALARIED,False
ACC-10062,NORMAL_STUDENT,False
ACC-10063,NORMAL_SALARIED,False
ACC-10064,NORMAL_STUDENT,False
ACC-10065,NORMAL_SALARIED,False
ACC-10066,NORMAL_STUDENT,False
ACC-10067,NORMAL_SALARIED,False
ACC-10068,NORMAL_STUDENT,False
ACC-10069,NORMAL_SALARIED,False
ACC-10070,NORMAL_SALARIED,False
ACC-10071,NORMAL_SALARIED,False
ACC-10072,NORMAL_STUDENT,False
ACC-10073,NORMAL_SALARIED,False
ACC-10074,NORMAL_STUDENT,False
ACC-10076,NORMAL_STUDENT,False
ACC-10077,NORMAL_SALARIED,False
ACC-10079,NORMAL_SALARIED,False
ACC-10080,NORMAL_SALARIED,False
ACC-10081,NORMAL_SALARIED,False
ACC-10083,NORMAL_SALARIED,False
ACC-10084,NORMAL_STUDENT,False
ACC-10086,NORMAL_STUDENT,False
ACC-10087,NORMAL_SALARIED,False
ACC-10089,NORMAL_SALARIED,False
ACC-10090,NORMAL_SALARIED,False
ACC-10091,NORMAL_SALARIED,False
ACC-10092,NORMAL_STUDENT,False
ACC-10093,NORMAL_SALARIED,False
ACC-10094,NORMAL_STUDENT,False
ACC-10095,NORMAL_SALARIED,False
ACC-STUD-0059,NORMAL_STUDENT,False
ACC-STUD-0060,NORMAL_STUDENT,False
ACC-STUD-0061,NORMAL_STUDENT,False
ACC-STUD-0062,NORMAL_STUDENT,False
ACC-STUD-0063,NORMAL_STUDENT,False
ACC-STUD-0064,NORMAL_STUDENT,False
ACC-STUD-0065,NORMAL_STUDENT,False
ACC-STUD-0066,NORMAL_STUDENT,False
ACC-STUD-0067,NORMAL_STUDENT,False
ACC-STUD-0068,NORMAL_STUDENT,False
ACC-STUD-0069,NORMAL_STUDENT,False
ACC-STUD-0070,NORMAL_STUDENT,False
ACC-STUD-0071,NORMAL_STUDENT,False
ACC-STUD-0072,NORMAL_STUDENT,False
ACC-STUD-0073,NORMAL_STUDENT,False
ACC-STUD-0074,NORMAL_STUDENT,False
ACC-STUD-0075,NORMAL_STUDENT,False
ACC-STUD-0076,NORMAL_STUDENT,False
ACC-STUD-0077,NORMAL_STUDENT,False
ACC-STUD-0078,NORMAL_STUDENT,False
ACC-STUD-0079,NORMAL_STUDENT,False
ACC-STUD-0080,NORMAL_STUDENT,False
ACC-STUD-0081,NORMAL_STUDENT,False
ACC-STUD-0082,NORMAL_STUDENT,False
ACC-STUD-0083,NORMAL_STUDENT,False
ACC-STUD-0084,NORMAL_STUDENT,False
ACC-STUD-0085,NORMAL_STUDENT,False
ACC-STUD-0086,NORMAL_STUDENT,False
ACC-STUD-0087,NORMAL_STUDENT,False
ACC-STUD-0088,NORMAL_STUDENT,False
ACC-STUD-0089,NORMAL_STUDENT,False
ACC-STUD-0090,NORMAL_STUDENT,False
ACC-STUD-0091,NORMAL_STUDENT,False
ACC-STUD-0092,NORMAL_STUDENT,False
ACC-STUD-0093,NORMAL_STUDENT,False
ACC-STUD-0094,NORMAL_STUDENT,False
ACC-STUD-0095,NORMAL_STUDENT,False
ACC-STUD-0096,NORMAL_STUDENT,False
ACC-STUD-0097,NORMAL_STUDENT,False
ACC-STUD-0098,NORMAL_STUDENT,False
ACC-STUD-0099,NORMAL_STUDENT,False
ACC-STUD-0100,NORMAL_STUDENT,False
ACC-STUD-0101,NORMAL_STUDENT,False
ACC-STUD-0102,NORMAL_STUDENT,False
ACC-STUD-0103,NORMAL_STUDENT,False
ACC-STUD-0104,NORMAL_STUDENT,False
ACC-STUD-0105,NORMAL_STUDENT,False
ACC-STUD-0106,NORMAL_STUDENT,False
ACC-STUD-0107,NORMAL_STUDENT,False
ACC-STUD-0108,NORMAL_STUDENT,False
ACC-STUD-0109,NORMAL_STUDENT,False
ACC-STUD-0110,NORMAL_STUDENT,False
ACC-STUD-0111,NORMAL_STUDENT,False
ACC-STUD-0112,NORMAL_STUDENT,False
ACC-STUD-0113,NORMAL_STUDENT,False
ACC-STUD-0114,NORMAL_STUDENT,False
ACC-STUD-0115,NORMAL_STUDENT,False
ACC-STUD-0116,NORMAL_STUDENT,False
ACC-STUD-0117,NORMAL_STUDENT,False
ACC-STUD-0118,NORMAL_STUDENT,False
ACC-STUD-0119,NORMAL_STUDENT,False
ACC-STUD-0120,NORMAL_STUDENT,False
ACC-STUD-0121,NORMAL_STUDENT,False
ACC-STUD-0122,NORMAL_STUDENT,False
ACC-STUD-0123,NORMAL_STUDENT,False
ACC-STUD-0124,NORMAL_STUDENT,False
ACC-STUD-0125,NORMAL_STUDENT,False
ACC-STUD-0126,NORMAL_STUDENT,False
ACC-STUD-0127,NORMAL_STUDENT,False
ACC-STUD-0128,NORMAL_STUDENT,False
ACC-STUD-0129,NORMAL_STUDENT,False
ACC-STUD-0130,NORMAL_STUDENT,False
ACC-STUD-0131,NORMAL_STUDENT,False
ACC-STUD-0132,NORMAL_STUDENT,False
ACC-STUD-0133,NORMAL_STUDENT,False
ACC-STUD-0134,NORMAL_STUDENT,False
ACC-STUD-0135,NORMAL_STUDENT,False
ACC-STUD-0136,NORMAL_STUDENT,False
ACC-STUD-0137,NORMAL_STUDENT,False
ACC-STUD-0138,NORMAL_STUDENT,False
ACC-STUD-0139,NORMAL_STUDENT,False
ACC-STUD-0140,NORMAL_STUDENT,False
ACC-STUD-0141,NORMAL_STUDENT,False
ACC-STUD-0142,NORMAL_STUDENT,False
ACC-STUD-0143,NORMAL_STUDENT,False
ACC-STUD-0144,NORMAL_STUDENT,False
ACC-STUD-0145,NORMAL_STUDENT,False
ACC-STUD-0146,NORMAL_STUDENT,False
ACC-STUD-0147,NORMAL_STUDENT,False
ACC-STUD-0148,NORMAL_STUDENT,False
ACC-STUD-0149,NORMAL_STUDENT,False
ACC-STUD-0150,NORMAL_STUDENT,False
ACC-STUD-0151,NORMAL_STUDENT,False
ACC-STUD-0152,NORMAL_STUDENT,False
ACC-STUD-0153,NORMAL_STUDENT,False
ACC-STUD-0154,NORMAL_STUDENT,False
ACC-STUD-0155,NORMAL_STUDENT,False
ACC-STUD-0156,NORMAL_STUDENT,False
ACC-STUD-0157,NORMAL_STUDENT,False
ACC-STUD-0158,NORMAL_STUDENT,False
ACC-STUD-0159,NORMAL_STUDENT,False
ACC-STUD-0160,NORMAL_STUDENT,False
ACC-STUD-0161,NORMAL_STUDENT,False
ACC-STUD-0162,NORMAL_STUDENT,False
ACC-STUD-0163,NORMAL_STUDENT,False
ACC-STUD-0164,NORMAL_STUDENT,False
ACC-STUD-0165,NORMAL_STUDENT,False
ACC-STUD-0166,NORMAL_STUDENT,False
ACC-STUD-0167,NORMAL_STUDENT,False
ACC-STUD-0168,NORMAL_STUDENT,False
ACC-STUD-0169,NORMAL_STUDENT,False
ACC-STUD-0170,NORMAL_STUDENT,False
ACC-STUD-0171,NORMAL_STUDENT,False
ACC-STUD-0172,NORMAL_STUDENT,False
ACC-STUD-0173,NORMAL_STUDENT,False
ACC-STUD-0174,NORMAL_STUDENT,False
ACC-STUD-0175,NORMAL_STUDENT,False
ACC-STUD-0176,NORMAL_STUDENT,False
ACC-STUD-0177,NORMAL_STUDENT,False
ACC-STUD-0178,NORMAL_STUDENT,False
ACC-STUD-0179,NORMAL_STUDENT,False
ACC-STUD-0180,NORMAL_STUDENT,False
ACC-STUD-0181,NORMAL_STUDENT,False
ACC-STUD-0182,NORMAL_STUDENT,False
ACC-STUD-0183,NORMAL_STUDENT,False
ACC-STUD-0184,NORMAL_STUDENT,False
ACC-STUD-0185,NORMAL_STUDENT,False
ACC-STUD-0186,NORMAL_STUDENT,False
ACC-STUD-0187,NORMAL_STUDENT,False
ACC-STUD-0188,NORMAL_STUDENT,False
ACC-STUD-0189,NORMAL_STUDENT,False
ACC-STUD-0190,NORMAL_STUDENT,False
ACC-STUD-0191,NORMAL_STUDENT,False
ACC-STUD-0192,NORMAL_STUDENT,False
ACC-STUD-0193,NORMAL_STUDENT,False
ACC-STUD-0194,NORMAL_STUDENT,False
ACC-STUD-0195,NORMAL_STUDENT,False
ACC-STUD-0196,NORMAL_STUDENT,False
ACC-STUD-0197,NORMAL_STUDENT,False
ACC-STUD-0198,NORMAL_STUDENT,False
ACC-STUD-0199,NORMAL_STUDENT,False
ACC-STUD-0200,NORMAL_STUDENT,False
ACC-STUD-0201,NORMAL_STUDENT,False
ACC-STUD-0202,NORMAL_STUDENT,False
ACC-STUD-0203,NORMAL_STUDENT,False
ACC-STUD-0204,NORMAL_STUDENT,False
ACC-STUD-0205,NORMAL_STUDENT,False
ACC-STUD-0206,NORMAL_STUDENT,False
ACC-STUD-0207,NORMAL_STUDENT,False
ACC-STUD-0208,NORMAL_STUDENT,False
ACC-STUD-0209,NORMAL_STUDENT,False
ACC-STUD-0210,NORMAL_STUDENT,False
ACC-STUD-0211,NORMAL_STUDENT,False
ACC-STUD-0212,NORMAL_STUDENT,False
ACC-STUD-0213,NORMAL_STUDENT,False
ACC-STUD-0214,NORMAL_STUDENT,False
ACC-STUD-0215,NORMAL_STUDENT,False
ACC-STUD-0216,NORMAL_STUDENT,False
ACC-STUD-0217,NORMAL_STUDENT,False
ACC-STUD-0218,NORMAL_STUDENT,False
ACC-STUD-0219,NORMAL_STUDENT,False
ACC-STUD-0220,NORMAL_STUDENT,False
ACC-STUD-0221,NORMAL_STUDENT,False
ACC-STUD-0222,NORMAL_STUDENT,False
ACC-STUD-0223,NORMAL_STUDENT,False
ACC-STUD-0224,NORMAL_STUDENT,False
ACC-STUD-0225,NORMAL_STUDENT,False
ACC-STUD-0226,NORMAL_STUDENT,False
ACC-STUD-0227,NORMAL_STUDENT,False
ACC-STUD-0228,NORMAL_STUDENT,False
ACC-STUD-0229,NORMAL_STUDENT,False
ACC-STUD-0230,NORMAL_STUDENT,False
ACC-STUD-0231,NORMAL_STUDENT,False
ACC-STUD-0232,NORMAL_STUDENT,False
ACC-STUD-0233,NORMAL_STUDENT,False
ACC-STUD-0234,NORMAL_STUDENT,False
ACC-STUD-0235,NORMAL_STUDENT,False
ACC-STUD-0236,NORMAL_STUDENT,False
ACC-STUD-0237,NORMAL_STUDENT,False
ACC-STUD-0238,NORMAL_STUDENT,False
ACC-STUD-0239,NORMAL_STUDENT,False
ACC-STUD-0240,NORMAL_STUDENT,False
ACC-STUD-0241,NORMAL_STUDENT,False
ACC-STUD-0242,NORMAL_STUDENT,False
ACC-STUD-0243,NORMAL_STUDENT,False
ACC-STUD-0244,NORMAL_STUDENT,False
ACC-STUD-0245,NORMAL_STUDENT,False
ACC-STUD-0246,NORMAL_STUDENT,False
ACC-STUD-0247,NORMAL_STUDENT,False
ACC-STUD-0248,NORMAL_STUDENT,False
ACC-STUD-0249,NORMAL_STUDENT,False
ACC-STUD-0250,NORMAL_STUDENT,False
ACC-STUD-0251,NORMAL_STUDENT,False
ACC-STUD-0252,NORMAL_STUDENT,False
ACC-STUD-0253,NORMAL_STUDENT,False
ACC-STUD-0254,NORMAL_STUDENT,False
ACC-STUD-0255,NORMAL_STUDENT,False
ACC-STUD-0256,NORMAL_STUDENT,False
ACC-STUD-0257,NORMAL_STUDENT,False
ACC-STUD-0258,NORMAL_STUDENT,False
ACC-STUD-0259,NORMAL_STUDENT,False
ACC-STUD-0260,NORMAL_STUDENT,False
ACC-STUD-0261,NORMAL_STUDENT,False
ACC-STUD-0262,NORMAL_STUDENT,False
ACC-STUD-0263,NORMAL_STUDENT,False
ACC-STUD-0264,NORMAL_STUDENT,False
ACC-STUD-0265,NORMAL_STUDENT,False
ACC-STUD-0266,NORMAL_STUDENT,False
ACC-STUD-0267,NORMAL_STUDENT,False
ACC-STUD-0268,NORMAL_STUDENT,False
ACC-STUD-0269,NORMAL_STUDENT,False
ACC-STUD-0270,NORMAL_STUDENT,False
ACC-STUD-0271,NORMAL_STUDENT,False
ACC-STUD-0272,NORMAL_STUDENT,False
ACC-STUD-0273,NORMAL_STUDENT,False
ACC-STUD-0274,NORMAL_STUDENT,False
ACC-STUD-0275,NORMAL_STUDENT,False
ACC-STUD-0276,NORMAL_STUDENT,False
ACC-STUD-0277,NORMAL_STUDENT,False
ACC-STUD-0278,NORMAL_STUDENT,False
ACC-STUD-0279,NORMAL_STUDENT,False
ACC-STUD-0280,NORMAL_STUDENT,False
ACC-STUD-0281,NORMAL_STUDENT,False
ACC-STUD-0282,NORMAL_STUDENT,False
ACC-STUD-0283,NORMAL_STUDENT,False
ACC-STUD-0284,NORMAL_STUDENT,False
ACC-STUD-0285,NORMAL_STUDENT,False
ACC-STUD-0286,NORMAL_STUDENT,False
ACC-STUD-0287,NORMAL_STUDENT,False
ACC-STUD-0288,NORMAL_STUDENT,False
ACC-STUD-0289,NORMAL_STUDENT,False
ACC-STUD-0290,NORMAL_STUDENT,False
ACC-STUD-0291,NORMAL_STUDENT,False
ACC-STUD-0292,NORMAL_STUDENT,False
ACC-STUD-0293,NORMAL_STUDENT,False
ACC-STUD-0294,NORMAL_STUDENT,False
ACC-STUD-0295,NORMAL_STUDENT,False
ACC-STUD-0296,NORMAL_STUDENT,False
ACC-STUD-0297,NORMAL_STUDENT,False
ACC-STUD-0298,NORMAL_STUDENT,False
ACC-STUD-0299,NORMAL_STUDENT,False
ACC-STUD-0300,NORMAL_STUDENT,False
ACC-STUD-0301,NORMAL_STUDENT,False
ACC-STUD-0302,NORMAL_STUDENT,False
ACC-STUD-0303,NORMAL_STUDENT,False
ACC-STUD-0304,NORMAL_STUDENT,False
ACC-STUD-0305,NORMAL_STUDENT,False
ACC-STUD-0306,NORMAL_STUDENT,False
ACC-STUD-0307,NORMAL_STUDENT,False
ACC-STUD-0308,NORMAL_STUDENT,False
ACC-STUD-0309,NORMAL_STUDENT,False
ACC-STUD-0310,NORMAL_STUDENT,False
ACC-STUD-0311,NORMAL_STUDENT,False
ACC-STUD-0312,NORMAL_STUDENT,False
ACC-STUD-0313,NORMAL_STUDENT,False
ACC-STUD-0314,NORMAL_STUDENT,False
ACC-STUD-0315,NORMAL_STUDENT,False
ACC-STUD-0316,NORMAL_STUDENT,False
ACC-STUD-0317,NORMAL_STUDENT,False
ACC-STUD-0318,NORMAL_STUDENT,False
ACC-STUD-0319,NORMAL_STUDENT,False
ACC-STUD-0320,NORMAL_STUDENT,False
ACC-STUD-0321,NORMAL_STUDENT,False
ACC-STUD-0322,NORMAL_STUDENT,False
ACC-STUD-0323,NORMAL_STUDENT,False
ACC-STUD-0324,NORMAL_STUDENT,False
ACC-STUD-0325,NORMAL_STUDENT,False
ACC-STUD-0326,NORMAL_STUDENT,False
ACC-STUD-0327,NORMAL_STUDENT,False
ACC-STUD-0328,NORMAL_STUDENT,False
ACC-STUD-0329,NORMAL_STUDENT,False
ACC-STUD-0330,NORMAL_STUDENT,False
ACC-STUD-0331,NORMAL_STUDENT,False
ACC-STUD-0332,NORMAL_STUDENT,False
ACC-STUD-0333,NORMAL_STUDENT,False
ACC-STUD-0334,NORMAL_STUDENT,False
ACC-STUD-0335,NORMAL_STUDENT,False
ACC-STUD-0336,NORMAL_STUDENT,False
ACC-STUD-0337,NORMAL_STUDENT,False
ACC-STUD-0338,NORMAL_STUDENT,False
ACC-STUD-0339,NORMAL_STUDENT,False
ACC-STUD-0340,NORMAL_STUDENT,False
ACC-STUD-0341,NORMAL_STUDENT,False
ACC-STUD-0342,NORMAL_STUDENT,False
ACC-STUD-0343,NORMAL_STUDENT,False
ACC-STUD-0344,NORMAL_STUDENT,False
ACC-STUD-0345,NORMAL_STUDENT,False
ACC-STUD-0346,NORMAL_STUDENT,False
ACC-STUD-0347,NORMAL_STUDENT,False
ACC-STUD-0348,NORMAL_STUDENT,False
ACC-STUD-0349,NORMAL_STUDENT,False
ACC-STUD-0350,NORMAL_STUDENT,False
ACC-SAL-0083,NORMAL_SALARIED,False
ACC-SAL-0084,NORMAL_SALARIED,False
ACC-SAL-0085,NORMAL_SALARIED,False
ACC-SAL-0086,NORMAL_SALARIED,False
ACC-SAL-0087,NORMAL_SALARIED,False
ACC-SAL-0088,NORMAL_SALARIED,False
ACC-SAL-0089,NORMAL_SALARIED,False
ACC-SAL-0090,NORMAL_SALARIED,False
ACC-SAL-0091,NORMAL_SALARIED,False
ACC-SAL-0092,NORMAL_SALARIED,False
ACC-SAL-0093,NORMAL_SALARIED,False
ACC-SAL-0094,NORMAL_SALARIED,False
ACC-SAL-0095,NORMAL_SALARIED,False
ACC-SAL-0096,NORMAL_SALARIED,False
ACC-SAL-0097,NORMAL_SALARIED,False
ACC-SAL-0098,NORMAL_SALARIED,False
ACC-SAL-0099,NORMAL_SALARIED,False
ACC-SAL-0100,NORMAL_SALARIED,False
ACC-SAL-0101,NORMAL_SALARIED,False
ACC-SAL-0102,NORMAL_SALARIED,False
ACC-SAL-0103,NORMAL_SALARIED,False
ACC-SAL-0104,NORMAL_SALARIED,False
ACC-SAL-0105,NORMAL_SALARIED,False
ACC-SAL-0106,NORMAL_SALARIED,False
ACC-SAL-0107,NORMAL_SALARIED,False
ACC-SAL-0108,NORMAL_SALARIED,False
ACC-SAL-0109,NORMAL_SALARIED,False
ACC-SAL-0110,NORMAL_SALARIED,False
ACC-SAL-0111,NORMAL_SALARIED,False
ACC-SAL-0112,NORMAL_SALARIED,False
ACC-SAL-0113,NORMAL_SALARIED,False
ACC-SAL-0114,NORMAL_SALARIED,False
ACC-SAL-0115,NORMAL_SALARIED,False
ACC-SAL-0116,NORMAL_SALARIED,False
ACC-SAL-0117,NORMAL_SALARIED,False
ACC-SAL-0118,NORMAL_SALARIED,False
ACC-SAL-0119,NORMAL_SALARIED,False
ACC-SAL-0120,NORMAL_SALARIED,False
ACC-SAL-0121,NORMAL_SALARIED,False
ACC-SAL-0122,NORMAL_SALARIED,False
ACC-SAL-0123,NORMAL_SALARIED,False
ACC-SAL-0124,NORMAL_SALARIED,False
ACC-SAL-0125,NORMAL_SALARIED,False
ACC-SAL-0126,NORMAL_SALARIED,False
ACC-SAL-0127,NORMAL_SALARIED,False
ACC-SAL-0128,NORMAL_SALARIED,False
ACC-SAL-0129,NORMAL_SALARIED,False
ACC-SAL-0130,NORMAL_SALARIED,False
ACC-SAL-0131,NORMAL_SALARIED,False
ACC-SAL-0132,NORMAL_SALARIED,False
ACC-SAL-0133,NORMAL_SALARIED,False
ACC-SAL-0134,NORMAL_SALARIED,False
ACC-SAL-0135,NORMAL_SALARIED,False
ACC-SAL-0136,NORMAL_SALARIED,False
ACC-SAL-0137,NORMAL_SALARIED,False
ACC-SAL-0138,NORMAL_SALARIED,False
ACC-SAL-0139,NORMAL_SALARIED,False
ACC-SAL-0140,NORMAL_SALARIED,False
ACC-SAL-0141,NORMAL_SALARIED,False
ACC-SAL-0142,NORMAL_SALARIED,False
ACC-SAL-0143,NORMAL_SALARIED,False
ACC-SAL-0144,NORMAL_SALARIED,False
ACC-SAL-0145,NORMAL_SALARIED,False
ACC-SAL-0146,NORMAL_SALARIED,False
ACC-SAL-0147,NORMAL_SALARIED,False
ACC-SAL-0148,NORMAL_SALARIED,False
ACC-SAL-0149,NORMAL_SALARIED,False
ACC-SAL-0150,NORMAL_SALARIED,False
ACC-SAL-0151,NORMAL_SALARIED,False
ACC-SAL-0152,NORMAL_SALARIED,False
ACC-SAL-0153,NORMAL_SALARIED,False
ACC-SAL-0154,NORMAL_SALARIED,False
ACC-SAL-0155,NORMAL_SALARIED,False
ACC-SAL-0156,NORMAL_SALARIED,False
ACC-SAL-0157,NORMAL_SALARIED,False
ACC-SAL-0158,NORMAL_SALARIED,False
ACC-SAL-0159,NORMAL_SALARIED,False
ACC-SAL-0160,NORMAL_SALARIED,False
ACC-SAL-0161,NORMAL_SALARIED,False
ACC-SAL-0162,NORMAL_SALARIED,False
ACC-SAL-0163,NORMAL_SALARIED,False
ACC-SAL-0164,NORMAL_SALARIED,False
ACC-SAL-0165,NORMAL_SALARIED,False
ACC-SAL-0166,NORMAL_SALARIED,False
ACC-SAL-0167,NORMAL_SALARIED,False
ACC-SAL-0168,NORMAL_SALARIED,False
ACC-SAL-0169,NORMAL_SALARIED,False
ACC-SAL-0170,NORMAL_SALARIED,False
ACC-SAL-0171,NORMAL_SALARIED,False
ACC-SAL-0172,NORMAL_SALARIED,False
ACC-SAL-0173,NORMAL_SALARIED,False
ACC-SAL-0174,NORMAL_SALARIED,False
ACC-SAL-0175,NORMAL_SALARIED,False
ACC-SAL-0176,NORMAL_SALARIED,False
ACC-SAL-0177,NORMAL_SALARIED,False
ACC-SAL-0178,NORMAL_SALARIED,False
ACC-SAL-0179,NORMAL_SALARIED,False
ACC-SAL-0180,NORMAL_SALARIED,False
ACC-SAL-0181,NORMAL_SALARIED,False
ACC-SAL-0182,NORMAL_SALARIED,False
ACC-SAL-0183,NORMAL_SALARIED,False
ACC-SAL-0184,NORMAL_SALARIED,False
ACC-SAL-0185,NORMAL_SALARIED,False
ACC-SAL-0186,NORMAL_SALARIED,False
ACC-SAL-0187,NORMAL_SALARIED,False
ACC-SAL-0188,NORMAL_SALARIED,False
ACC-SAL-0189,NORMAL_SALARIED,False
ACC-SAL-0190,NORMAL_SALARIED,False
ACC-SAL-0191,NORMAL_SALARIED,False
ACC-SAL-0192,NORMAL_SALARIED,False
ACC-SAL-0193,NORMAL_SALARIED,False
ACC-SAL-0194,NORMAL_SALARIED,False
ACC-SAL-0195,NORMAL_SALARIED,False
ACC-SAL-0196,NORMAL_SALARIED,False
ACC-SAL-0197,NORMAL_SALARIED,False
ACC-SAL-0198,NORMAL_SALARIED,False
ACC-SAL-0199,NORMAL_SALARIED,False
ACC-SAL-0200,NORMAL_SALARIED,False
ACC-SAL-0201,NORMAL_SALARIED,False
ACC-SAL-0202,NORMAL_SALARIED,False
ACC-SAL-0203,NORMAL_SALARIED,False
ACC-SAL-0204,NORMAL_SALARIED,False
ACC-SAL-0205,NORMAL_SALARIED,False
ACC-SAL-0206,NORMAL_SALARIED,False
ACC-SAL-0207,NORMAL_SALARIED,False
ACC-SAL-0208,NORMAL_SALARIED,False
ACC-SAL-0209,NORMAL_SALARIED,False
ACC-SAL-0210,NORMAL_SALARIED,False
ACC-SAL-0211,NORMAL_SALARIED,False
ACC-SAL-0212,NORMAL_SALARIED,False
ACC-SAL-0213,NORMAL_SALARIED,False
ACC-SAL-0214,NORMAL_SALARIED,False
ACC-SAL-0215,NORMAL_SALARIED,False
ACC-SAL-0216,NORMAL_SALARIED,False
ACC-SAL-0217,NORMAL_SALARIED,False
ACC-SAL-0218,NORMAL_SALARIED,False
ACC-SAL-0219,NORMAL_SALARIED,False
ACC-SAL-0220,NORMAL_SALARIED,False
ACC-SAL-0221,NORMAL_SALARIED,False
ACC-SAL-0222,NORMAL_SALARIED,False
ACC-SAL-0223,NORMAL_SALARIED,False
ACC-SAL-0224,NORMAL_SALARIED,False
ACC-SAL-0225,NORMAL_SALARIED,False
ACC-SAL-0226,NORMAL_SALARIED,False
ACC-SAL-0227,NORMAL_SALARIED,False
ACC-SAL-0228,NORMAL_SALARIED,False
ACC-SAL-0229,NORMAL_SALARIED,False
ACC-SAL-0230,NORMAL_SALARIED,False
ACC-SAL-0231,NORMAL_SALARIED,False
ACC-SAL-0232,NORMAL_SALARIED,False
ACC-SAL-0233,NORMAL_SALARIED,False
ACC-SAL-0234,NORMAL_SALARIED,False
ACC-SAL-0235,NORMAL_SALARIED,False
ACC-SAL-0236,NORMAL_SALARIED,False
ACC-SAL-0237,NORMAL_SALARIED,False
ACC-SAL-0238,NORMAL_SALARIED,False
ACC-SAL-0239,NORMAL_SALARIED,False
ACC-SAL-0240,NORMAL_SALARIED,False
ACC-SAL-0241,NORMAL_SALARIED,False
ACC-SAL-0242,NORMAL_SALARIED,False
ACC-SAL-0243,NORMAL_SALARIED,False
ACC-SAL-0244,NORMAL_SALARIED,False
ACC-SAL-0245,NORMAL_SALARIED,False
ACC-SAL-0246,NORMAL_SALARIED,False
ACC-SAL-0247,NORMAL_SALARIED,False
ACC-SAL-0248,NORMAL_SALARIED,False
ACC-SAL-0249,NORMAL_SALARIED,False
ACC-SAL-0250,NORMAL_SALARIED,False
ACC-SAL-0251,NORMAL_SALARIED,False
ACC-SAL-0252,NORMAL_SALARIED,False
ACC-SAL-0253,NORMAL_SALARIED,False
ACC-SAL-0254,NORMAL_SALARIED,False
ACC-SAL-0255,NORMAL_SALARIED,False
ACC-SAL-0256,NORMAL_SALARIED,False
ACC-SAL-0257,NORMAL_SALARIED,False
ACC-SAL-0258,NORMAL_SALARIED,False
ACC-SAL-0259,NORMAL_SALARIED,False
ACC-SAL-0260,NORMAL_SALARIED,False
ACC-SAL-0261,NORMAL_SALARIED,False
ACC-SAL-0262,NORMAL_SALARIED,False
ACC-SAL-0263,NORMAL_SALARIED,False
ACC-SAL-0264,NORMAL_SALARIED,False
ACC-SAL-0265,NORMAL_SALARIED,False
ACC-SAL-0266,NORMAL_SALARIED,False
ACC-SAL-0267,NORMAL_SALARIED,False
ACC-SAL-0268,NORMAL_SALARIED,False
ACC-SAL-0269,NORMAL_SALARIED,False
ACC-SAL-0270,NORMAL_SALARIED,False
ACC-SAL-0271,NORMAL_SALARIED,False
ACC-SAL-0272,NORMAL_SALARIED,False
ACC-SAL-0273,NORMAL_SALARIED,False
ACC-SAL-0274,NORMAL_SALARIED,False
ACC-SAL-0275,NORMAL_SALARIED,False
ACC-SAL-0276,NORMAL_SALARIED,False
ACC-SAL-0277,NORMAL_SALARIED,False
ACC-SAL-0278,NORMAL_SALARIED,False
ACC-SAL-0279,NORMAL_SALARIED,False
ACC-SAL-0280,NORMAL_SALARIED,False
ACC-SAL-0281,NORMAL_SALARIED,False
ACC-SAL-0282,NORMAL_SALARIED,False
ACC-SAL-0283,NORMAL_SALARIED,False
ACC-SAL-0284,NORMAL_SALARIED,False
ACC-SAL-0285,NORMAL_SALARIED,False
ACC-SAL-0286,NORMAL_SALARIED,False
ACC-SAL-0287,NORMAL_SALARIED,False
ACC-SAL-0288,NORMAL_SALARIED,False
ACC-SAL-0289,NORMAL_SALARIED,False
ACC-SAL-0290,NORMAL_SALARIED,False
ACC-SAL-0291,NORMAL_SALARIED,False
ACC-SAL-0292,NORMAL_SALARIED,False
ACC-SAL-0293,NORMAL_SALARIED,False
ACC-SAL-0294,NORMAL_SALARIED,False
ACC-SAL-0295,NORMAL_SALARIED,False
ACC-SAL-0296,NORMAL_SALARIED,False
ACC-SAL-0297,NORMAL_SALARIED,False
ACC-SAL-0298,NORMAL_SALARIED,False
ACC-SAL-0299,NORMAL_SALARIED,False
ACC-SAL-0300,NORMAL_SALARIED,False
ACC-SAL-0301,NORMAL_SALARIED,False
ACC-SAL-0302,NORMAL_SALARIED,False
ACC-SAL-0303,NORMAL_SALARIED,False
ACC-SAL-0304,NORMAL_SALARIED,False
ACC-SAL-0305,NORMAL_SALARIED,False
ACC-SAL-0306,NORMAL_SALARIED,False
ACC-SAL-0307,NORMAL_SALARIED,False
ACC-SAL-0308,NORMAL_SALARIED,False
ACC-SAL-0309,NORMAL_SALARIED,False
ACC-SAL-0310,NORMAL_SALARIED,False
ACC-SAL-0311,NORMAL_SALARIED,False
ACC-SAL-0312,NORMAL_SALARIED,False
ACC-SAL-0313,NORMAL_SALARIED,False
ACC-SAL-0314,NORMAL_SALARIED,False
ACC-SAL-0315,NORMAL_SALARIED,False
ACC-SAL-0316,NORMAL_SALARIED,False
ACC-SAL-0317,NORMAL_SALARIED,False
ACC-SAL-0318,NORMAL_SALARIED,False
ACC-SAL-0319,NORMAL_SALARIED,False
ACC-SAL-0320,NORMAL_SALARIED,False
ACC-SAL-0321,NORMAL_SALARIED,False
ACC-SAL-0322,NORMAL_SALARIED,False
ACC-SAL-0323,NORMAL_SALARIED,False
ACC-SAL-0324,NORMAL_SALARIED,False
ACC-SAL-0325,NORMAL_SALARIED,False
ACC-SAL-0326,NORMAL_SALARIED,False
ACC-SAL-0327,NORMAL_SALARIED,False
ACC-SAL-0328,NORMAL_SALARIED,False
ACC-SAL-0329,NORMAL_SALARIED,False
ACC-SAL-0330,NORMAL_SALARIED,False
ACC-SAL-0331,NORMAL_SALARIED,False
ACC-SAL-0332,NORMAL_SALARIED,False
ACC-SAL-0333,NORMAL_SALARIED,False
ACC-SAL-0334,NORMAL_SALARIED,False
ACC-SAL-0335,NORMAL_SALARIED,False
ACC-SAL-0336,NORMAL_SALARIED,False
ACC-SAL-0337,NORMAL_SALARIED,False
ACC-SAL-0338,NORMAL_SALARIED,False
ACC-SAL-0339,NORMAL_SALARIED,False
ACC-SAL-0340,NORMAL_SALARIED,False
ACC-SAL-0341,NORMAL_SALARIED,False
ACC-SAL-0342,NORMAL_SALARIED,False
ACC-SAL-0343,NORMAL_SALARIED,False
ACC-SAL-0344,NORMAL_SALARIED,False
ACC-SAL-0345,NORMAL_SALARIED,False
ACC-SAL-0346,NORMAL_SALARIED,False
ACC-SAL-0347,NORMAL_SALARIED,False
ACC-SAL-0348,NORMAL_SALARIED,False
ACC-SAL-0349,NORMAL_SALARIED,False
ACC-SAL-0350,NORMAL_SALARIED,False
ACC-SAL-0351,NORMAL_SALARIED,False
ACC-SAL-0352,NORMAL_SALARIED,False
ACC-SAL-0353,NORMAL_SALARIED,False
ACC-SAL-0354,NORMAL_SALARIED,False
ACC-SAL-0355,NORMAL_SALARIED,False
ACC-SAL-0356,NORMAL_SALARIED,False
ACC-SAL-0357,NORMAL_SALARIED,False
ACC-SAL-0358,NORMAL_SALARIED,False
ACC-SAL-0359,NORMAL_SALARIED,False
ACC-SAL-0360,NORMAL_SALARIED,False
ACC-SAL-0361,NORMAL_SALARIED,False
ACC-SAL-0362,NORMAL_SALARIED,False
ACC-SAL-0363,NORMAL_SALARIED,False
ACC-SAL-0364,NORMAL_SALARIED,False
ACC-SAL-0365,NORMAL_SALARIED,False
ACC-SAL-0366,NORMAL_SALARIED,False
ACC-SAL-0367,NORMAL_SALARIED,False
ACC-SAL-0368,NORMAL_SALARIED,False
ACC-SAL-0369,NORMAL_SALARIED,False
ACC-SAL-0370,NORMAL_SALARIED,False
ACC-SAL-0371,NORMAL_SALARIED,False
ACC-SAL-0372,NORMAL_SALARIED,False
ACC-SAL-0373,NORMAL_SALARIED,False
ACC-SAL-0374,NORMAL_SALARIED,False
ACC-SAL-0375,NORMAL_SALARIED,False
ACC-SAL-0376,NORMAL_SALARIED,False
ACC-SAL-0377,NORMAL_SALARIED,False
ACC-SAL-0378,NORMAL_SALARIED,False
ACC-SAL-0379,NORMAL_SALARIED,False
ACC-SAL-0380,NORMAL_SALARIED,False
ACC-SAL-0381,NORMAL_SALARIED,False
ACC-SAL-0382,NORMAL_SALARIED,False
ACC-SAL-0383,NORMAL_SALARIED,False
ACC-SAL-0384,NORMAL_SALARIED,False
ACC-SAL-0385,NORMAL_SALARIED,False
ACC-SAL-0386,NORMAL_SALARIED,False
ACC-SAL-0387,NORMAL_SALARIED,False
ACC-SAL-0388,NORMAL_SALARIED,False
ACC-SAL-0389,NORMAL_SALARIED,False
ACC-SAL-0390,NORMAL_SALARIED,False
ACC-SAL-0391,NORMAL_SALARIED,False
ACC-SAL-0392,NORMAL_SALARIED,False
ACC-SAL-0393,NORMAL_SALARIED,False
ACC-SAL-0394,NORMAL_SALARIED,False
ACC-SAL-0395,NORMAL_SALARIED,False
ACC-SAL-0396,NORMAL_SALARIED,False
ACC-SAL-0397,NORMAL_SALARIED,False
ACC-SAL-0398,NORMAL_SALARIED,False
ACC-SAL-0399,NORMAL_SALARIED,False
ACC-SAL-0400,NORMAL_SALARIED,False
ACC-SAL-0401,NORMAL_SALARIED,False
ACC-SAL-0402,NORMAL_SALARIED,False
ACC-SAL-0403,NORMAL_SALARIED,False
ACC-SAL-0404,NORMAL_SALARIED,False
ACC-SAL-0405,NORMAL_SALARIED,False
ACC-SAL-0406,NORMAL_SALARIED,False
ACC-SAL-0407,NORMAL_SALARIED,False
ACC-SAL-0408,NORMAL_SALARIED,False
ACC-SAL-0409,NORMAL_SALARIED,False
ACC-SAL-0410,NORMAL_SALARIED,False
ACC-SAL-0411,NORMAL_SALARIED,False
ACC-SAL-0412,NORMAL_SALARIED,False
ACC-SAL-0413,NORMAL_SALARIED,False
ACC-SAL-0414,NORMAL_SALARIED,False
ACC-SAL-0415,NORMAL_SALARIED,False
ACC-SAL-0416,NORMAL_SALARIED,False
ACC-SAL-0417,NORMAL_SALARIED,False
ACC-SAL-0418,NORMAL_SALARIED,False
ACC-SAL-0419,NORMAL_SALARIED,False
ACC-SAL-0420,NORMAL_SALARIED,False
ACC-SAL-0421,NORMAL_SALARIED,False
ACC-SAL-0422,NORMAL_SALARIED,False
ACC-SAL-0423,NORMAL_SALARIED,False
ACC-SAL-0424,NORMAL_SALARIED,False
ACC-SAL-0425,NORMAL_SALARIED,False
ACC-SAL-0426,NORMAL_SALARIED,False
ACC-SAL-0427,NORMAL_SALARIED,False
ACC-SAL-0428,NORMAL_SALARIED,False
ACC-SAL-0429,NORMAL_SALARIED,False
ACC-SAL-0430,NORMAL_SALARIED,False
ACC-SAL-0431,NORMAL_SALARIED,False
ACC-SAL-0432,NORMAL_SALARIED,False
ACC-SAL-0433,NORMAL_SALARIED,False
ACC-SAL-0434,NORMAL_SALARIED,False
ACC-SAL-0435,NORMAL_SALARIED,False
ACC-SAL-0436,NORMAL_SALARIED,False
ACC-SAL-0437,NORMAL_SALARIED,False
ACC-SAL-0438,NORMAL_SALARIED,False
ACC-SAL-0439,NORMAL_SALARIED,False
ACC-SAL-0440,NORMAL_SALARIED,False
ACC-SAL-0441,NORMAL_SALARIED,False
ACC-SAL-0442,NORMAL_SALARIED,False
ACC-SAL-0443,NORMAL_SALARIED,False
ACC-SAL-0444,NORMAL_SALARIED,False
ACC-SAL-0445,NORMAL_SALARIED,False
ACC-SAL-0446,NORMAL_SALARIED,False
ACC-SAL-0447,NORMAL_SALARIED,False
ACC-SAL-0448,NORMAL_SALARIED,False
ACC-SAL-0449,NORMAL_SALARIED,False
ACC-SAL-0450,NORMAL_SALARIED,False
ACC-SAL-0451,NORMAL_SALARIED,False
ACC-SAL-0452,NORMAL_SALARIED,False
ACC-SAL-0453,NORMAL_SALARIED,False
ACC-SAL-0454,NORMAL_SALARIED,False
ACC-SAL-0455,NORMAL_SALARIED,False
ACC-SAL-0456,NORMAL_SALARIED,False
ACC-SAL-0457,NORMAL_SALARIED,False
ACC-SAL-0458,NORMAL_SALARIED,False
ACC-SAL-0459,NORMAL_SALARIED,False
ACC-SAL-0460,NORMAL_SALARIED,False
ACC-SAL-0461,NORMAL_SALARIED,False
ACC-SAL-0462,NORMAL_SALARIED,False
ACC-SAL-0463,NORMAL_SALARIED,False
ACC-SAL-0464,NORMAL_SALARIED,False
ACC-SAL-0465,NORMAL_SALARIED,False
ACC-SAL-0466,NORMAL_SALARIED,False
ACC-SAL-0467,NORMAL_SALARIED,False
ACC-SAL-0468,NORMAL_SALARIED,False
ACC-SAL-0469,NORMAL_SALARIED,False
ACC-SAL-0470,NORMAL_SALARIED,False
ACC-SAL-0471,NORMAL_SALARIED,False
ACC-SAL-0472,NORMAL_SALARIED,False
ACC-SAL-0473,NORMAL_SALARIED,False
ACC-SAL-0474,NORMAL_SALARIED,False
ACC-SAL-0475,NORMAL_SALARIED,False
ACC-SAL-0476,NORMAL_SALARIED,False
ACC-SAL-0477,NORMAL_SALARIED,False
ACC-SAL-0478,NORMAL_SALARIED,False
ACC-SAL-0479,NORMAL_SALARIED,False
ACC-SAL-0480,NORMAL_SALARIED,False
ACC-SAL-0481,NORMAL_SALARIED,False
ACC-SAL-0482,NORMAL_SALARIED,False
ACC-SAL-0483,NORMAL_SALARIED,False
ACC-SAL-0484,NORMAL_SALARIED,False
ACC-SAL-0485,NORMAL_SALARIED,False
ACC-SAL-0486,NORMAL_SALARIED,False
ACC-SAL-0487,NORMAL_SALARIED,False
ACC-SAL-0488,NORMAL_SALARIED,False
ACC-SAL-0489,NORMAL_SALARIED,False
ACC-SAL-0490,NORMAL_SALARIED,False
ACC-SAL-0491,NORMAL_SALARIED,False
ACC-SAL-0492,NORMAL_SALARIED,False
ACC-SAL-0493,NORMAL_SALARIED,False
ACC-SAL-0494,NORMAL_SALARIED,False
ACC-SAL-0495,NORMAL_SALARIED,False
ACC-SAL-0496,NORMAL_SALARIED,False
ACC-SAL-0497,NORMAL_SALARIED,False
ACC-SAL-0498,NORMAL_SALARIED,False
ACC-SAL-0499,NORMAL_SALARIED,False
ACC-SAL-0500,NORMAL_SALARIED,False
